{
  "lists": [
    {
      "title": "Todo",
      "id": 1
    },
    {
      "title": "Doing",
      "id": 2
    },
    {
      "title": "Done",
      "id": 3
    }
  ],
  "cards": [
    {
      "title": "card1",
      "id": 1,
      "listId": 1
    },
    {
      "title": "card2",
      "id": 2,
      "listId": 2
    },
    {
      "title": "card3",
      "id": 3,
      "listId": 3
    },
    {
      "title": "card1-1",
      "id": 4,
      "listId": 1
    },
    {
      "listId": 2,
      "title": "sdfsaf",
      "id": 5
    },
    {
      "test": {
        "listId": 3,
        "title": "123"
      },
      "id": 6
    },
    {
      "listId": 3,
      "title": "124134",
      "id": 7
    },
    {
      "listId": 3,
      "title": "asdfsadf",
      "id": 8
    },
    {
      "listId": 3,
      "title": "1111",
      "id": 9
    }
  ]
}